{
  "id": "brush-palette",
  "title": "Brush Palette",
  "version": "1.0.1",
  "manifest": "https://github.com/AlexBoer/brush-palette/releases/latest/download/module.json",
  "download": "https://github.com/AlexBoer/brush-palette/releases/download/1.0.1/module.zip",
  "compatibility": {
    "minimum": "13",
    "verified": "13"
  },
  "authors": [
    {
      "name": "Alex Boer",
      "flags": {}
    }
  ],
  "relationships": {
    "requires": [
      {
        "id": "lib-wrapper",
        "type": "module"
      }
    ]
  },
  "esmodules": [
    "scripts/module.mjs"
  ],
  "styles": [
    "styles/brush-palette.css"
  ],
  "languages": [
    {
      "lang": "en",
      "name": "English",
      "path": "lang/en.json"
    }
  ],
  "flags": {
    "canUpload": true
  },
  "description": "A floating palette for quickly changing drawing brush settings (stroke, fill, etc.)"
}